{
    "train_loss": [
        6.362854419610439,
        5.948675828102307,
        4.787848478708511,
        3.5817414124806723,
        2.6495316395392785,
        2.154860585163801,
        1.8378092111685338,
        1.6277138606095924,
        1.4572048706886096,
        1.34654146585709,
        1.1537895813966408,
        1.0561475493969061,
        1.002402751873701,
        0.9047112250939394,
        0.8568125993777544,
        0.7917343362783774,
        0.7598661734507635,
        0.7367001343996097,
        0.7254236416938977,
        0.6283275805986844,
        0.6315066134318327,
        0.6106607638872587,
        0.6190887750723423,
        0.5752246364569052,
        0.6051050623257955,
        0.5387353553221776,
        0.5517500917880963,
        0.5150365103513767,
        0.4893798224436931,
        0.5054018573883252,
        0.4746968803497461,
        0.47044448669140154,
        0.4843525366905408,
        0.45998664926259947,
        0.4552078659717853,
        0.43194002982897634,
        0.43898334869971645,
        0.41806841890017193,
        0.42641894901410127,
        0.42466413248807955,
        0.4129380690745818,
        0.3969090710847806,
        0.4281174609294304,
        0.4034409354894589,
        0.3956028903142,
        0.3902599253715613,
        0.39205147822697956,
        0.376066451271375,
        0.36808901987014675,
        0.3838452757933201,
        0.3670980372490027,
        0.3793037063800372,
        0.3625114823763187,
        0.3626290009571956,
        0.3639314442108839,
        0.3395633128208992,
        0.3602023927065042,
        0.3642635689331935,
        0.3438520473547471,
        0.34731908792104477
    ],
    "val_loss": [
        1.3992955287297566,
        1.2689905961354573,
        1.1870869000752766,
        1.1016626755396526,
        1.0407496690750122,
        1.0197671055793762,
        1.0050957004229228,
        1.0671704411506653,
        1.050132950146993,
        0.9516993363698324,
        1.0294439196586609,
        1.061821440855662,
        1.126728614171346,
        1.1121419072151184,
        1.149917483329773,
        1.1990090012550354,
        1.2241092920303345,
        1.2539444764455159,
        1.2982429265975952,
        1.282967170079549,
        1.2453060150146484,
        1.3413658142089844,
        1.2680121262868245,
        1.3203597863515217,
        1.296042799949646,
        1.3415082295735676,
        1.4097872177759807,
        1.3606305917104085,
        1.2948940594991047,
        1.4380919535954793,
        1.3205490509668987,
        1.286112387975057,
        1.3424761295318604,
        1.3264386653900146,
        1.2834996382395427,
        1.3126195669174194,
        1.3867193460464478,
        1.4568801720937092,
        1.3959296544392903,
        1.3303796847661336,
        1.2930442094802856,
        1.3279941082000732,
        1.3635060787200928,
        1.4119353294372559,
        1.4019243717193604,
        1.2970631917317708,
        1.4024826288223267,
        1.3801932732264202,
        1.4891430934270222,
        1.3567161957422893,
        1.4432207743326824,
        1.3293720483779907,
        1.5296872456868489,
        1.3760870695114136,
        1.4531156222025554,
        1.493794600168864,
        1.4724833567937214,
        1.4175978501637776,
        1.3819718758265178,
        1.4601040283838909
    ],
    "contrast_loss": [
        4.77371613184611,
        4.462749805205908,
        3.474620629579593,
        2.3855976263682046,
        1.6140707028217804,
        1.2322068290832715,
        1.0316080389878688,
        0.9528640646200913,
        0.8818739224702884,
        0.8342623787048535,
        0.7839535390719389,
        0.7392513377544208,
        0.7115672681576166,
        0.6753829304988568,
        0.6566895315280328,
        0.6505421293087494,
        0.6189108406886076,
        0.610229200277573,
        0.6050868271253048,
        0.5370210722470895,
        0.5445698996384939,
        0.5309063998552469,
        0.5402932174694843,
        0.4978147233143831,
        0.5256584500655149,
        0.47720908430906445,
        0.47980656111851716,
        0.4570561441091391,
        0.44063755564200574,
        0.4538767884174983,
        0.42673816168919587,
        0.42479042135752165,
        0.43731942237951815,
        0.40758065306223357,
        0.41084841734323746,
        0.3880227628426674,
        0.3948522263612503,
        0.3751021617880234,
        0.3847603954565831,
        0.3866606133106427,
        0.375076284011205,
        0.35887778951571536,
        0.3902264092213068,
        0.36686897621704984,
        0.35997376839319867,
        0.3566885193188985,
        0.35691822797824174,
        0.3423431232953683,
        0.3348595656645604,
        0.3507876464953789,
        0.337340982296528,
        0.343271839313018,
        0.32689355390194136,
        0.33305287399353123,
        0.3318740255557574,
        0.310299705236386,
        0.327383143397478,
        0.33409033944973576,
        0.3142825838847038,
        0.31920391626847094
    ],
    "proto_loss": [
        1.5891382510845478,
        1.4859260198397515,
        1.3132278460722704,
        1.1961437922257643,
        1.0354609443591192,
        0.9226537591371781,
        0.8062011782939618,
        0.6748497891120422,
        0.5753309443975106,
        0.5122790940296955,
        0.36977756329071826,
        0.3167861623641772,
        0.2906781954643054,
        0.2291303894076592,
        0.19989182074100542,
        0.14092750331530204,
        0.1406604670561277,
        0.12615025139007813,
        0.11998578848747107,
        0.0909299978461021,
        0.08653868582004155,
        0.07934118492098954,
        0.07836111482137288,
        0.07694833090481086,
        0.07897685592373212,
        0.06104479080591446,
        0.07143511766424546,
        0.05746763175687729,
        0.04821936876919025,
        0.050992472431598566,
        0.04739346727728844,
        0.04509255060782799,
        0.04644310756180531,
        0.051760840062529616,
        0.04374642397921819,
        0.04327972495976167,
        0.043499476013657376,
        0.042313399127660654,
        0.041015162968482725,
        0.03732426483661701,
        0.03717360674188687,
        0.03733936561128268,
        0.03719554655253887,
        0.03584984021309095,
        0.03489050293006958,
        0.032827250516185395,
        0.03440403503676256,
        0.0328950570561947,
        0.03236436337614671,
        0.03226857794783054,
        0.02897616447164462,
        0.03515047962084795,
        0.03480107022019533,
        0.028639396413778648,
        0.03091964512490309,
        0.02843231987208128,
        0.0319789010935869,
        0.029342400196653146,
        0.0287287275856122,
        0.027285283765731715
    ],