{
    "accuracy": 0.7329690346083789,
    "macro_f1": 0.7137853535284514,
    "balanced_accuracy": 0.7111227925610969
}